ItemCode,InventoryQuantity
002488US,1147
6350,141
10,100
010B,1
010C,1
010D,197
111100,386
111150,14
111350,224
011CORH,809
121000,72
121003,28
121004,804
012CL4,158
012CL7,299
012CLB,989
014A,2
014E,36
014P,24
014Q,8
01A,1140
01H,197
01HX24,439
01JX2W,544
01M,1779
200600,124
020C,22
212100,163
212125,69
230000,490
230003,71
230004,1650
230005,4076
230010,1878
230050,3718
230100,1995
230111,6044
230120,845
230150,642
230200,594
230300,22
230350,36
230600,397
234016,2878
234025,626
234033,389
234041,2504
234050,180
234100,256
234120,24
234150,214
234200,280
234600,263
238025,1256
238043,1587
238044,324
238045,141
238050,1228
238060,76
239015,100
240600,32
241000,15804
241090,24
241200,17795
241201,6749
241204,60
241230,248
241250,46691
241400,12
241600,18171
241601,4357
241608,20278
241610,81
241612,2660
241616,27433
241650,1216
241670,594
241690,52174
241800,510
241801,74
241810,29
241812,671
241814,25
241880,98
242000,5718
242001,1217
242008,392
242010,3749
242012,3897
242013,54
242018,142
242050,16
242060,184
242070,768
242080,1024
242090,1364
242400,9655
242401,16568
242460,11989
243000,125
243001,1745
243013,4641
243060,239
249035,400
249036,50
249037,16
249911,540
250000,22287
251814,70
252070,13147
252416,247
253212,29
253215,165
025GXC,1616
025JHXC,2091
025KHXC,6343
260000,4
260001,1316
260003,16
260006,426
260505,268
261004,16
27289,2
27291,10
02A,6
02E,3750
302020,180
302022,176
306001,100
306002,43
306020,96
306027,174
306031,349
306032,436
306054,40
306059,49
306060,334
306072,100
315,12
331000,156
331009,212
331010,198
331020,4
333002,202
333003,268
333004,483
333005,248
333007,4
333008,479
333009,489
333010,228
333011,479
333012,470
333013,69
333014,396
333016,426
335126,34
335130,120
335148,8
335153,594
335166,10
335169,12
335176,8
335182,8
335190,2
335202,14
335226,314
335240,28
335245,32
335250,24
335255,44
335260,16
336000,72
336039,32
336049,944
336050,464
336051,6040
336052,2240
336054,644
336055,118
336062,174
336065,312
336067,242
336076,32
336077,8
336081,24
336084,28
336091,72
336094,112
336202,16
336204,4
336210,24
336218,2
336222,14
336226,10
338000,6
338001,4
338002,174
338071,134
338100,16
338101,4
338102,4
338103,4
338109,18
338114,6
338116,18
338120,10
338121,10
338122,82
338123,78
338124,96
338125,96
338136,9
338150,140
338229,74
338239,150
338261,28
338263,28
338267,16
338273,100
339000,174
339005,93
339024,810
339026,146
339030,716
339040,356
339044,14
339080,181
03CC,11274
03CM,1028
03K,580
03M,18
03P,62
03RX1,20
03S,128
04A,441
04EXS,33173
04F,1343
04FXS,35635
05A,7954
05B,1540
05C,2418
05CXE,701
05E,1622
05GS,620
05GT,82
05K,6523
05S,179
05T,652
05W,841
05WZ,259
661505,646
06A,8855
06B,7882
06C,7463
06D,31427
06E,38674
06F,24249
06G,4064
06H,4208
06K,55853
06L,19508
06M,26941
06N,10564
06Q,11023
06R,6306
06S,10539
06T,1418
08AAC,631
08N,267
08P,426
08X,1262
08Z,1410
916578,136
919259,32
926224,8
926577,16
926578,8
928118,16
928120,16
928121,16
928122,36
928123,18
928124,4
928125,4
928126,4
928127,8
928128,8
940483,16
940824,4
940827,8
940828,40
09AA,31
09H,48
09J,242
09K,4066
100,11
100002,27
100037,1778
100040,343952
100048,46
100058,398
100062,2099
100075,16
100097,563
100138,3324
100139,2984
100144,513
100321,30
10045,8
100451,18
100529,1579
100752,536
10095,90
10096,26
101,225
1011000,6712
1013400,4595
1014200,7269
1014300,4183
1014400,348
10145,90
1014600,10707
10148,15
10151,196
10152,246
10153,203
10163,24
10174,86
10177,199
10185,42
10186,84
10187,496
10188,49
10189,371
10190,577
10191,1402
10192,1356
10196,346
10197,3440
10198,222
10199,2102
102,1
10200,2206
10201,2656
10203,902
10204,87
10206,864
10207,1546
10209,4
10210,14
10211,2
10212,150
10213,79
10214,3
10215,6
10217,10
10218,5
10219,27
10224,1000
10225,1000
10237,37
10239,1327
10240,2975
10241,705
10243,1530
10248,448
10251,326
10252,1541
10257,5
10260,439
10261,300
10276,65
10277,4
10278,36
10279,81
10280,19
10281,20
10283,42
10284,21
10285,10
10294,384
10295,1644
10296,1930
10297,33
10298,49
10299,2
103,302
10300,728
10301,102
10302,125
10303,48
10304,72
10305,2
10306,8
10307,11
10313,28
10316,24
10317,2
10319,58
10320,8
10324,8
10325,2
10326,30
10327,14
10328,44
10329,12
10330,1
10331,124
10332,22
10333,112
10335,56
10336,4
10338,95
10345,12
10346,58
10348,228
1034800,2814
10380,1285
10386,1885
10387,136
10390,2334
10391,1004
10392,998
10396,34
104,47
10400,270
10401,14
10402,14
10403,4
10405,422
10410,8
10417,48
10419,107
10420,32
10424,50
10425,350
10426,20
10427,250
1043,11
10430,170
10431,200
10432,100
10435,150
10438,500
10450,4610
10452,45
10453,90
10493,1410
10494,59
10495,176
10498,6353
105,165
10554,8
106,1665
10600,172
10605,908
10607,114
10608,2317
10611,6
10616,1545
10620,282
10621,702
10623,314990
10624,20542
10628,48
10629,154
10632,5093
10634,14285
10635,1184
10636,2198
10637,18413
10638,2819
10659,369
10670,24
10671,6
10678,192
10679,3427
10680,1122
10681,3173
10682,953
10683,202
10684,1138
10685,2180
10689,378
10690,220
10691,7
10692,34
10694,33
10695,558
10696,30202
10697,302
1069828,200
10699,49
107,12
10700,4
10701,610
10702,60
10703,66
10705,30
10706,14
10707,4
10708,166
10710,27
10712,6
10713,434
10714,6
10715,5
10716,154
10717,28
10719,129
10720,376
10721,22
10722,26
10724,176
10725,242
10727,276
10728,9
10730,1200
10741,61
10747,2
10749,23
10750,686
10751,804
10752,890
10753,25
10754,1097
10755,709
10757,735
10763,26
10764,16
10765,56
10766,179
10767,8791
10768,6840
10769,50
10770,2
10773,1373
10777,29937
10791,58
10792,504
10793,37
10795,42
10796,16
10797,56
10798,42
108,3825
10802,1
10808,6
10811,64
10813,13
10814,80
10815,19
10816,9
10827,21
10828,64
10829,13155
1083,76
10830,13977
1083404,982
1083405,4894
1083406,1137
1083407,1403
1083408,5799
1083410,302
10835,3924
10836,1608
10837,20
10840,5
1084040,148
1084050,208
1084060,208
1084070,67
1084080,5098
10841,99
1084100,48
10842,8
10843,7
10844,15
10845,10
10846,56
10847,125
10848,5385
10850,2789
10853,114
10858,150
10859,10
10860,181
10861,140
10862,1088
10866,815
10894,350
10898,5
109,23315
11,59226
111,56002
1119,18
112,54047
1121,13
113,54545
1134,4
114,8
115,56676
116,6
119,15964
1191113,162
11FWTB2020,315
12,73302
120,69
121,5917
1211950,320
122,11927
1225,2262
1226,2118
123,15872
124,4766
1241100,188
1241105,119
1241200,2291
1241300,2031
1241400,3474
1241505,1595
1241600,1717
1241700,657
1241800,327
125,1327
126,10893
127,2916
128,10012
129,2256
13,21833
130,42227
131,6014
132,91
133,181
134,201
135,1581
136,9061
137,879
138,1
139,672
14,84891
140,704
141,306
142,35
143,2
144,3695
145,25
1453200,2603
1454500,46
146,1101
15,86350
1501705,8
1501706,8
151,743
154,90
155,12
156,2334
157,5457
158,46
159,424
16,103426
160,265
1600,4558
1601,1297
1604,1970
1605,23944
1606,19739
161,913
1610,48
1613,2099
162,209
1625,560
1626,45
1628,2072
163,4556
1630,60
1633,10829
164,2850
165,58
1652,28
166,227
1669,106
167,2
168,66
169,1594
17,36983
1718001,12131
1718002,15172
1718003,9670
1718004,8592
1718007,4640
1718008,2954
1718009,1935
1718010,1412
1718011,1347
1718014,719
1718015,16184
1718016,35438
1718020,14281
1718021,8657
1718021P,2747
1718022,21927
1718022P,1728
1718023,5242
1718024,1677
1718028,563
1718030,765
1718044,12011
1718044X1,34
1718044X1RM,5
1718044X2,469
1718045,839
1718062,4374
1718063,83
1718064,26
1718068,75
1718069,318
1718070,255
1718082,354
1718083,135
1718084,8
1718090,3046
1718091,301
1718092,3480
1718092X1,1000
1718099,12558
1718100,84965
1718106,546
1718106X1,60
1718106X2,60
1718240,1791
1718242,1338
1718243,4999
1718244,4999
1718245,2016
1718250,2997
1718901,25421
1718904,24046
1718907,5668
172,577
1722,52
1729,2021
173,47
173776,442
174,241
1742,2507
1747,72
175,27
1752,19
1755,65
1759,46
176,303
177,34
179,662
18,72
180,154
1800000,216
1800038,148
181,194
18192PL,740
182,50
183,56
185,172
1850123,12
1850134,2078
1850156,247
1850159,16
1850162,110
1850164,794
1850183,1392
1855014,40
1855015,62
1855016,52
1855029,118
1855030,46
1855031,50
1855032,30
1855033,48
1855074,52
1855075,36
1855076,34
1855081,80
1855082,17
1855083,14
1855084,22
1855085,42
1855107,48
1855108,56
1855109,14
1855114,80
1855115,36
1855116,34
1855117,10
1855118,48
1855197,90
1855198,64
1855400,192
1855410,38
1856050,300
1856060,233
1856061,5694
1856065,52
1856070,71
1856075,159
186,232
1860516,4
1860533,600
1861033,2524
1861034,763
1861094,2337
1861122,952
1861627,34
1861847,120
187,28
1870029,29551
1870031,13667
1870035,5002
1870040,2683
1870045,35681
1870050,7445
1870058,1532
1870059,3579
1870060,11888
1870070,4000
1870080,2763
1870085,456
1870090,58796
1870096,5315
1870099,1211
1870100,1900
1870105,9914
1870112,2643
1870115,61
1870120,1228
1870140,1469
1870144,360
1870145,392
1870150,5610
1870155,11279
1870160,362
1870165,3897
1870185,12
1870190,10
1870200,1887
1870205,2634
1870220,2
1870225,5403
1870230,1703
1870255,906
1870265,1881
1870300,551
1870400,24865
1870405,5394
1870415,2975
1870417,2726
1870440,48953
1870464,2431
1870465,3296
1870470,304
1870500,4105
1870501,11324
1870516,11829
189,8094
1891510,175
19,744
190,6016
1900002,767
1900005,821
1900008,557
1900011,602
1900020,504
1900029,861
1900032,2113
1900035,1213
1900038,1628
1900047,822
1900056,1080
1900089,514
1900096,118
1900110,61
1900119,4838
1900123,3775
1900134,2665
1900144,7257
1900147,981
1900156,524
1900159,1
1900164,64
1900170,50530
1900179,380
1900193,5121
1900194,61
1900207,1023
1900210,1147
1900211,408
1900216,613
1900217,298
1900227,1785
1900256,30821
1900265,6679
1900341,274
1900344,326
1900347,367
1900354,127
1900357,216
1900360,85
1900368,19
1900411,9
1900423,160
1900428,120
1900445,2951
1900448,13339
1900487,302
1900490,906
1900509,595
1900515,607
1900518,460
1900535,1390
1900536,1426
1900538,206
1900737,195
1900738,38
1900803,79
1900804,79
1900894,5335
1900908,16
1900929,909
1900932,364
1900936,307
1900941,189
1900995,85
1901009,79
1901027,170
1901080,2016
1901083,831
1901151,104
1901246,244
1901250,506
1901287,179
1901800,106
1901834,20
1901857,40
1902118,814
1902210,258
1902219,841
1904208,402
1904218,262
1904230,8
1904300,111
1904311,3241
1904315,4
1904403,4
1904416,106
1904418,368
1904424,1421
1904434,413
1904464,88
1904566,36
1904583,36
1905001,117
1905003,57
1905005,36
1905009,104
1905011,36
1905013,37
1905016,39
1905017,36
1905046,24
1905136,74
1905141,4
1905142,1234
1905160,2493
1905223,20
1905648,54
1907001,83
1907005,258
1907006,229
1907007,108
1907051,561
1907052,155
1907083,28
1907090,74
1907120,165
1907131,166
1907133,464
1907135,590
1907136,693
1907140,58
1907143,100
1907149,172
1908168,1291
1908229,980
1908247,1030
1908250,775
1908252,291
1908253,706
1908256,453
1908259,795
1908262,518
1908265,519
1908268,375
1908271,594
1908273,308
1908275,277
1908276,225
1908277,304
1908346,92
1908357,141
1908372,257
1908381,351
1908405,103
1908459,5002
1908460,632
1908483,180
1908535,131
1908600,168
1908608,405
1908610,242
1908620,72
1908670,4
1908680,398
1908687,242
1908691,101
1908695,233
1908700,176
1908730,159
1908750,404
1908770,628
1908771,418
1908772,395
1908775,12
191,3329
192,1397
1920000,796
1920041,111
1920075,204
1920080,144
1920082,16
1920100,20
1920110,20
1920146,6
1920158,20
1920242,22
1920246,156
1920250,300
1920259,2597
1920455,690
1920456,588
1920457,920
1920458,180
1920459,104
1920460,400
1920461,208
1920462,114
1920463,193
1920473,204
1920474,356
1920475,120
1920480,16
1920490,78
1920500,84
1920804,456
1920818,10682
1920835,188
1920851,1566
1920894,3270
193,888
194,637
1940146,183
1940172,19
1940196,44
195,2907
1950113,31
1950129,170
196,96
1960000,298
1960003,1865
1960005,84
1960007,122
1960009,318
1960010,494
1960012,206
1960015,128
1960018,110
1960020,134
1960025,284
1960027,250
1960030,84
1960037,716
1960050,114
1960055,22
1960060,78
1960100,441
1960110,1025
1960115,640
1960120,273
1960125,422
1960130,755
1960135,8
1960145,172
1960172,75
1960175,44
1960199,16
1960210,416
1960220,1452
1960226,2
1960250,122
1960270,132
1960275,1827
1960305,1956
1960355,96
1960360,90
1960365,210
1960370,3900
1960375,15120
1960410,74
1960420,83
1960446,96
197,30
197332,4
1980120,281
199,81
1990005,164
1990006,252
1990007,246
1990009,172
1990013,392
1990017,141
1990019,72
1990021,226
1990025,76
1990029,942
1990037,166
1990039,76
1990045,158
1990053,16
1990061,382
1990085,8
1990104,2318
1990105,483
1990106,227
1990107,627
1990109,686
1990110,8
1990111,88
1990113,336
1990115,72
1990117,266
1990119,413
1990121,141
1990125,221
1990129,200
1990133,210
1990137,76
1990139,58
1990145,40
1990185,108
1990200,10166
1990209,343
1990211,423
1990213,113
1990215,222
1990217,328
1990219,279
1990221,1517
1990225,485
1990229,472
1990233,372
1990237,255
1990239,204
1990245,158
1990300,765
1990361,20
1990395,2157
1990400,348
1990402,24
1990403,202
1990406,32
1990421,904
1990480,344
1990485,746
1990501,896
1990504,1148
1990506,218
1990515,16
1990521,3594
1990530,24
1990550,540
1990552,226
1990553,344
1990561,8
1990562,294
1990570,1097
1990590,498
1990594,558
1990595,76
1990613,1822
1990615,400
1990619,672
1990622,12
1990623,1694
1990626,1062
1990627,120
1990629,48
1990633,84
1990645,4
1990654,18
1990655,92
1990656,52
1990665,24
1990666,12
1990667,12
1990668,84
1990700,52
1990705,826
1990715,42
1990800,64
1990801,483
1990810,18
1990830,25
1990845,586
1990890,20
1991100,1673
1991105,2088
1991110,761
1991115,134
1991120,20
1991170,12
1991200,306
1991285,338
1991300,94
1991310,19
1991311,52
1991312,52
1991320,24
1991350,40
1991360,453
1991370,4272
1991410,34
1991425,88
1991434,4
1991439,210
1991444,8
1991456,8
1991457,8
1991458,196
1991467,68
1991503,148
1991517,80
1991570,98
1991630,128
1997151,30958
20,8
200,12
201,5365
201A,147507
201AS,1620
201D,443
201JJX14,251
201JX14,20118
201JX2W,4483
201JX68,9764
201JX8,4199
201P,136234
201PS,3295
202,241
202E,81815
202EE,182494
202JX11,4
202JX12,1683
202K,1034
203,2769
203A,64
203C,32730
203CH,4845
203D,37053
203DH,2931
203E,13979
203EH,896
204,3329
2042,108
2048,2
2049,2483
204A,112580
204EXS,58715
204F,5589
204G,2551
205,5333
2050,943
2054,1571
205A,12
205C,1288
206,12
2067035,852
2067048,832
207,6731
208,4658
2081,1200
2082,370
2083,5475
2084,498
208N,529
209,5849
2090,50
2091,10
2099,64
21,848
2103,6
2105,61
211,3679
2124902,34
2124907,136
2125139,180
2125147,1602
2125148,2124
2125249,495
2125250,1259
2125251,152
2125288,818
2125289,232
2125290,1250
2125291,525
2125312,242
2125503,16
2125647,1234
2125648,309
2127215,92
2127500,22
2127502,90
2127510,32
2127522,92
2127523,12
2127524,100
2127525,12
2127527,80
2127543,50
2127617,24
2127679,12
2127711,30
2127712,4
2127718,6
2127753,56
2127754,8
2127777,18
2127958,14
2127999,16
2134,600
2135,13688
2136,559
214,540
2149,30
215,22946
2150,137
2151,3
2152,27
216,16797
2160700,806
2168,27527
2169,681
217,5231
2171,16375
2175,102
217A,5
217C,10168
217D,12475
217E,3898
218,17478
2182,1626
2183,39293
2184,74698
2185,12197
2186,62687
2187,7916
2188,100
2189,15809
2194,12634
2195,6
2196,1454
2197,65
22,17
220,12859
2200,16344
2200067,2
2202,5314
2203,14763
2204,4932
2205,3256
2206,34
2207,307
2208,908
2209,4101
221,26
2210,14
2211,1405
2211003,10515
2211012,140
2211030,3
2211031,8
2211061,128
2211090,2414
2211095,5921
2211100,601
2211150,1
2211156,3746
2211165,2028
2211310,3207
2211360,240
2211370,677
2211560,8
2211569,8
2211625,42
2212,7586
2213,4582
2214,3830
2215,553
2216,840
2217,1145
222,3827
2220010,45427
2220020,31937
2220030,39965
2220040,12848
2220041,10554
2220050,6381
2220055,2572
2220060,881
2220070,1628
2220075,2542
2220080,5148
2220090,1160
2220100,2469
2220100B,2327
2220111,200
2220120,10494
2220125,14399
2220130,5594
2220140,5470
2220145,2155
2220170,3072
2220171,17636
2220172,1902
2220173,1881
2222,18
2225,32
223,2832
2233,3194
2235,212
224,22656
2242,1027
2243,100
2244,238
226,3611
2261,550401
2263,136319
2264,220534
2265,123360
2267,4794
2268,3812
2269,4381
227,7
227001,19
2273,2547
2275,43916
2276,175711
228,69166
2281,1800
229,70018
229001,154
23,41
230,10635
231,78750
232,7729
233,392
234,73671
235,12159
236,1713
237,24926
238,69290
239,249910
24,3
2402K,527
2403C,23159
2403D,25020
2403E,12541
2403X1,5000
2403X10,4063
2403X2,11120
2403X31,1500
2403X32,1500
2403X9,4000
2404A,68660
2404B,8959
2404FS,28
241,30538
243,231
24387,91
244,155
245,7715
246,5517
247,1591
249,677
25,20
250,5114
254,660
255,1658
257,17326
258,33223
259,20266
25X011,578
25X015,523
25X025,5
25X026,45
25X027,7
25X029,1
25X031,14
25X040,3
25X049,12
25X050,1
25X056,25
25X058,2
25X072,8
25X089,25
25X090,12
25X093,22
26,3
260,209
261,79083
262,3753
263,65655
265,104508
266,128
267,130
268,36
269,13
27,647
271,57
272,12
273,109
277,622
278,3499
280,349
282,4043
285,4556
286,3987
287,5300
288,33938
289,9292
29,184
290,34
293,47
296,5671
297,855
299,216
30,419
300776,100
302,34
304,929
306,54
308,210
311,1
316,330
317,705
318,969
320,164
325,324
326,6
327,3922
328,726
329,1496
331,949
332,589
3328,6172
333,1858
3332,1818
3333,210
3336,2852
334,16606
3343,5657
3346,557
335,2911
3350,263
3351,299
3354,16
3355,201
3358,202
336,1074
3360,18443
3364,690
3368,478
337,14962
3371,6021
3372,221
3374,2358
338,8885
3383,108
3384,3583
339,8200
3399,490
340,1256
3403,206
3405,112702
3406,135026
3407,46279
341,192
3412,1039
3413,44
3415,9262
3417,718
3418,6625
3419,10194
3420,4807
3421,30840
3422,2218
3423,4689
3428,798
3429,745
343,2480
3432,67
344,1888
3442,113977
3447,4601
3448,90731
345,198
3458,40
3459,4
346,2148
3464,1454
3467,260050
3468,106585
3469,731
3475,21243
3476,34213
3477,1588
3479,28044
348,968
3480,10439
3481,26233
3484,24
3488,13
349,2443
3492,130
3497,9971
3498,81
3499,129
350,5091
3500,62
351,6070
352,29573
3521,14
353,4442
3539,90
354,1457
3540,152188
3541,4606
3542,31240
3548,1380
3550,18086
3552,2900
3555,4790
3556,40
3557,77188
3558,3559
3559,5942
356,3005
3560,438
3561,232
3564,85
3567,750
3568,28091
357,32
3571,5318
3572,217
3573,557
3574,77
3575,918
3577,13
3578,118
3579,63
358,5204
3580,191
3581,1201
3582,204
3583,814
3584,714
3585,579
3586,323
3587,629
3588,416
359,5637
3590,228
3591,2337
3592,215
3593,1606
3594,203
3595,447
3596,739
3597,390
3598,371
3599,846
36,1008
360,682
3600,4103
3601,1526
3602,1336
3603,496
3604,499
3605,713
3606,426512
3608,80
3609,456
361,3254
3610,226
3611,196
3613,208
3614,47
3615,60
3616,118
3617,149
3618,54
3619,52
362,2859
3623,95
3626,15175
3627,316
363,40
3631,507
364,66
365,3512
3657,66550
366,1283
3661,450
367,8
368,1106
3682,147
3684,10063
369,5725
3693,175
3698,3135
37,666
370,6506
371,1540
3718,383
3720,2072
3721,32126
3722,74
3724,32
3725,28
3729,300
373,725
3730,136
3731,900
3732,24
3733,650
3734,650
3739,1003
374,473
3740,275
375,80
376,82
377,44
378,41
379,58
38,760
380,63
381,36018
387,51
388,88
389,556
39,289
390,21
3902,51733
391,44
3912,827
392,101
393,5889
394,647
395,784
396,4784
397,1173
3972,34
3973,253
3975,3316
3981,488702
3982,429
3983,34218
3984,29898
3985,294748
3986,6013
3987,644734
3989,50228
3991,1016544
3993,1226
3994,21019
3995,40198
3996,15380
3997,179922
3998,28730
3999,210065
40,6
4000,27
40002R,2
40005L,2
4001,180
4002,180
4003,15100
4004,756557
4005,725346
4006,1500
4011,700755
4012,2058
4013,23280
4013B,10000
4014,4960
401X1,458
401X5,1157
401X6,9425
401X9,137
40202,9
4021,86537
403,225
40306,171
40314T,2
403X1,186
403X2,376
403X5,626
404,26
4045,861414
4046,876260
4046U,85246
404X1,150
404X3,157
404X5,3902
4054,675
4056,1862
406,66
4060,115131
4061,4054
4062,18
4063,814
4068,19
4070,205
4074,93
4075,106
408,961
40802,113
4087,234742
408780,9
409,1297
409X1,37
409X2,121
41,64
410,1443
410X4,6
411,869
4117,92
4119,815
412,198
4121,225020
416,8
417,72
418,254
4191,14814
42,496
420,172
420000,510
422,71
4237,150
4239,7955
424,1904
425,904
4253,52
4257,135
426,435
427,1056
428,750
429,920
43,33
430,62
4351,54208
4352,104983
4353,2389
4354,20787
4355,18919
436,5689
4361,247220
4362,102925
4363,136185
4364,88330
4365,9639
4366,3408
4367,932
4369,308
437,12831
438,383
4381,243078
439,104
440,31
446000,2
446033,2
446044,1
446055,3
448000,178
448010,40
448227,33
45,82
450021US,54
45004X03,2936
45004X04,10576
45004X05,14924
45004X06,44016
45004X07,25709
45004X08,39536
45004X09,18173
45004X10,30961
45004X105,1839
45004X11,11399
45004X12,20917
45004X13,4338
45004X14,17338
45004X15,2346
45004X16,6239
45004X17,1295
45004X18,4038
45004X19,692
45004X20,1568
45004X21,196
45004X22,1784
45004X23,87
45004X24,210
45004X25,2
45004X28,12
45010,404
45017,222462
45017U,8674
450617,8
450764,2
450786,2
450X3,25931
450X7,786
451817USXF,142
451817USXFJ,135
451817USXJ,141
451975US,16
452,800
452053,4
453,62
453437,2
4537,4887
4538,7332
4539,3763
4541,174
4542,15190
456,106
457,2003
458,5829
458175,12
458197,4
458201,9
458223,5
458245,2
459,4779
46,5
460,606
46001X03,832
46001X04,680
46001X05,431
46001X06,5107
46001X07,1370
46001X08,7055
46001X09,907
46001X10,6488
46001X11,260
46001X12,11934
46001X13,555
46001X14,1193
46001X15,65
46001X16,6659
46001X17,15
46001X18,92
46001X20,303
46001X21,17
46001X24,7
46001X32,30
461,16412
462,55604
463,57559
4637,100
464,162
464600,96
465,226
465410,36
4655,9880
4657,14
4658,7290
466,25823
4664,4380
4665,3294
4666,2
467,27
467898,46
468,3
4683,4
469,10615
469566,6124
47,68
470002,79
470013,24
470024,69
47003,279
470035,61
47004,32
470046,67
47005,11
470057,61
47006,3093
47007,23
47008,41
47009,3222
47010,1
47011,688
47012,5
47013,3627
47016,2354
4708,41
470881,26
470892,81
470930,128
47100,4364
47150A,1043
47150B,1342
47160,101
47170,100
47180,200
472,763
47200,396
473,41
474,107101
47403,10
47406,222
47409,258
47411,5
47413,570
47416,110
475,12121
47506,92
47507,70
47509,250
47513,225
475781,128
475910,3
476,33352
47600,10237
4765,1
4766,4095
4767,43
4768,8467
4770,39
47704,44
47706,42
47708,228
47710,299
47712,93
47800,5678
47801,24378
47802,10060
4781,3002
4789,4
47900,1484
479264,5628
4794,38495
47950,1158
4797,101278
4798,111766
4799,80038
4800,1205
4802,12
4803,2050
48200,1043
48344,4
4841,3490
4842,31974
4851,190
4852,637
485435,42
487673,10
489000,1712
490,28
493,42
4937,600
497,466
498,408
4994,4
4995,8
4998,470
5003,393
5017,36
5030,21
506,572
50608,20
506463,205
506555,16
510,122
5102,6
5103,449
511,159797
5123,342
5127,124
5128,136
513,113054
5131,16
515,4940
516,26400
5160,29536
518,507
5188,35
519,19774
520,2
521,159300
5220,247
5248,194
525,743
525759,4
525760,10
525781,4
525792,9
525829,7
525840,2
525851,1
526,71
528,584
5282,2486
529,424
5290,569
530,3579
530156,10
531,260
531312,224
531481,82
531551,63
532,1309
5321,8
532188,1
533,680
533561,2
534,466
534040,1
534990,2
535,167
535001,1
535012,1
536,326
537,642
538,807
539,558
540,366
544,613
545,446
546,837
5462,142
5467,2236
547165,1
548023,16
548480,753
55,359
5522,1503
553689,96
56,380
5603,228
562,502
563,387
564,230
565,41
565103,2
565114,1
566,97
566494,7
566509,18
566667,4
567,128
568,10
568081,1
568357,4
569,1537
57,448
570,2409
571,3222
572,1784
573,3124
574,1333
575,314
575603,50
576,636
5764,1746
577,1445
5771,48
5772,2
578,967
579,1288
58,332
580,1470
581,2486
581759US,28
582,224
5821,1064
5822,1064
5824,1015
5825,354
5826,450
5827,498
583,1078
583508,2
583519,66
583520,75
583530,109
584,43
585,1006
5851,684
5852,1541
587,574
587252,1
587377,6
588,10
589,405
59,560
590,312
5901,2
5902,43
5904,44
5906,4264
5907,2526
590725,787
591,1743
592,2006
593,3734
594,3435
595,3402
596,37
597,2457
598,47
599,4747
5X9,695
60,1202
600,22
600016,3
600035,52
600295,148
600300US,2
600304,136
600306,260
600309,175
600310,239
600311,133
600313,176
600320,143
600327,147
600344,215
600365,137
600368,170
600378,124
600386,790
600390,86
600484,550
600494,598
600531,208
600668,71
600669,56
600670,56
600677,15
600678,94
600682,50
600705,62
600709,158
600710,157
600712,113
600719,56
600747,398
600748,60
600814,2
601,2398
601210,1
601225,1194
601227,42
601231,400
601425,80
601445,988
601450,1149
601733,1
602,2
602042,10
6024,286
602401,4
602402,4
602586,310
602596,2570
602667,4
602668,4
602672,2
602676,16
602882,194
602890,123
603,961
603050,62
603067,3894
603074US,12
603123,866
603141,58
603185,263
603226US,36
603235,2448
603235NA34,3533
603237,101
603303,52
603375,242
603379,340
603390,716
603404,456
603432,292
603442,709
603465,180
603609,4
603623,8
604328,2
604720,6
604740,4
604760,4
605,725
605040,4
605120,4
605420,4
606240,2
6071,4
609,620
610,1035
611,788
612,798
6121,172
613,927
614,1268
615,814
616,1514
6161,171447
617,1374
618,1208
619,1350
62,18677
620,2336
621,646
622,1454
623,1415
624,630
6241,3502
6243,6573
6244,6036
6244A,207
6244B,210
6245,33
6246,15
625,768
6253,1629
626,1192
6261,1312
627,1739
6271,1632
628,4608
6281,4
6282,31
6283,29
6284,6
6285,17
6288,23
629,3760
6290,57
6291,169
6292,6
6293,314
6294,160
6295,4
6296,12
6297,8
6298,269
6299,8
63,10769
630,2547
6301,198
6304,360
6305,100
6308,1216
631,3670
6310,17
6311,197
6312,195
6313,41
6314,60
6315,220
6316,162
6317,55
632,7031
6320,119
633,3789
6332,139
6333,183
6334,40
6335,54
6336,193
6337,28
6338,416
634,1661
6340,664
6341,610
6343,5
635,1142
6352,7520
6353,400
6354,12558
6356,1440
6357,15964
6358,5296
636,1206
637,776
638,336
639,300
640,175
6406,22114
6421,6231
6422,873
6423,6287
644,6807
645,2540
646,3641
647,290
648,298
649,6
65,182
650,4400
6501,592
6502,551
6503,4
6504,281
6507,21
6509,122
651623,36
651659,78
651660,850
652,18725
6521,55080
653,132
6531,582
654,18611
6541,581
6542,204
656,4400
6569,453
657,992
658,1194
6591,2332
66,12960
660,136
6601,698
6602,11875
6603,518
6611,116
6612,696
662,393
663,60
6631,3468
6632,2723
6633,462
664,20
6641,1073
666,201
667,156
668,2047
6680,783
6681,714
6682,351
669,1713
6691,31056
6692,15652
6693,19311
6694,151243
6695,143643
6696,176401
6697,38077
6698,35109
6699,35924
67,10184
670,754
6701,97052
6702,22927
671,6928
6717,239
672,556
6728,117
673,3560
674,1636
675,6481
676,113
6761,170
677,230
678,560
679,351
68,7344
680,998
6801,7
6802,597
6803,528
6804,422
6805,439
6806,645
6807,622
681,60
6811,8224
682,1415
6821,15
6822,47
6824,448
6825,83
6826,451
6827,404
6828,909
6829,128
683,536
6830,430
684,27
685,525
6851,320
6852,589
687,170
688,450
689,1548
69,4496
690,245
693,1903
6942,609
6943,112
695,38
696,173
697,180
698,146
6981,10340
699,18
700,109
7001,424
7002,497
7005,19
701,66
7017,487
7019,160
702,4
7022,9404
703,65
7031,83
704,35
705,18
706,17342
7062,6
707,609
7071,23137
71,15931
7101,219
7111,290
7121,413
7131,50
7142,6761
7144,504
7145,1819
7146,615
7147,247
7149,1276
7150,6101
7151,5623
7153,978
7163,1630
7181,3726
7182,5493
7184,2363
7186,53034
7187,474
7188,19
7189,119
7192,126
7193,32
721,832
7212,7
722,197
723,941
7230433,6
7238000,1957
7238001,2353
7238003,370
724,320
725,5013
7251132,47
726,4806
727,6152
7272,1512
728,6614
729,370
730,2363
731,1356
732,84
734,1208
735,383
736,78
737,169
7371,23
7372,9
738,18226
739,29527
7391,11
7392,11
740,7212
741,3317
742,866
743,4470
7431,817
7433,23
7436,79525
7437,591
7438,1996
744,2212
745,4290
746,7093
7471,6
7481,120
7492,20842
7511,9051
7512,10044
7521,6
7531,70
7541,40525
7551,37850
7562,739
757,1151
758,513
759,947
7592,208
7593,96
760,31
7601,1999
761,242
763,583
764,45
765,306
766,1
767,290
7671,73
768,165
769,362
770,461
771,736
772,204
773,274
774,428
775,108
776,204
7762,48
777,507
778,166
779,279
780,380
7801,272
781,119
7813,45
782,109
7821,2588
783,143
7831,96
784,1073
785,328
7851,29795
7853,2069
7855,6111
7857,8262
786,644
7863,9966
7864,442
7865,33103
7866,85518
7867,2088
7868,3099
788,199
789,385
790,20
791,210
792,24
793,296
7931,6
794,151
795,1913
7951,22685
7956,6
796,917
7961,33
7962,3
7964,5
797,1542
798,64
799,590
7991,47
7TUF,6
800,2
8003,4
801,697
802,99
803,387
80313,1750
804,44
805,692
80545,12
80546,78
806,375
807,330
8071,3970
8072,1071
8073,2602
8074,2325
808,327
8082,28
8083,2899
809,430
810,537
8101,15827
8102,1382
8103,5158
811,1329
81162,61
812,1572
813,379
814,318
8141,332
8142,469
8144,1034
8145,579
815,609
816,26
8161,56443
8162,2270
8164,4476
8165,2860
8166,61965
8167,5377
8168,5200
817,872
818,192
819,1006
81921,13
81979,72
820,166
8201,186
8202,40
8203,936
8204,1251
821,1786
8211,793
8212,38
8213,69
822,254
82206,3
8221,3064
8222,2534
823,47
8232,1826
8233,2072
8234,3523
824,72
8242,288
8243,397
825,96
82575,7
826,139
82635,2
82654A,3
827,15
82707,12
82985,14
830,9
83060,3
83062,1
831,5
83147,1
833,853
8331,2757
834,29
835,73
836,65
8361,31275
83690,4
83694,1
83698,1
83701,3
83702,1
83705,51
83709,24
8371,137
83711,18
83728X150,2
83735,2
838,306
83814,13
83816R,3
83817,1
83821,9
83823,81
83824,8
83829,2
83833,7
83834,1
83836,1
83837,3
8384,2800
83840,5
83842,1
83846,1
8385,2156
83857,8
83869,2
83876,1
83888,3
839,307
83912,1
8431,999
8451,1
8453,6
846,195
8462,12793
8463,29
847,969
8471,13250
8491,292
8492,2863
8493,512
8495,50
8496,323
8497,391
8498,87
8499,133
85,65188
850,206
851,411
8511,1048
8511S,614
852,209
8521,6783
8522,6879
853,164
854,90
855,86
856,431
85660,12
857,251
858,269
859,216
860,639
8606,2
861,268
862,207
863,156
864,141
8641,54
865,220
866,289
8661,944
8662,166
8662AV,8
867,341
868,232
8681,10866
869,327
87,356
870,333
8701,9910
871,744
8711,404
872,719
873,581
874,213
875,856
876,479
877,633
878,471
8788,174
8789,198
879,397
8790,348
8791,348
88,389
880,679
881,680
882,1105
8821,332
8823,475
8824,520
883,676
884,719
8841,634
885,1315
8854,996
886,547
887,287
8872,104
8873,120
888,614
8882,32
8883,33
889,360
8891,1308
8892,486
8893,943
89,56
890,971
8901,135
891,338
8919,635
892,161
8920,55
8924,90
893,148
8931,1171
8932,1483
894,197
895,84
896,617
897,1000
898,520
899,395
90,188
900,729
9000001,17040
9001102,36
901,1405
902,838
9023100,824
9023102,118
903,826
904,715
9047200,1270
905,1288
9053013,504
906,582
907,515
907000,4
907001,4
907009,20
907010,4
907011,4
9071300,8
908,246
909,357
91,205
910,721
9101,1552
911,598
912,440
913,401
914,812
9141,477
915,687
916,9991
9165400,469
917,7029
918,6099
919,6685
92,499
920,6104
9212,53
922,180
923,201
9231,8
924,465
9241,445
9242,324
925,774
9255,4864
9257,197
926,834
927,643
9273,1
928,914
93,454
9300,234
9301,8929
9303,2407
9310,3738
9311,2832
9313,484
9314,365
9315,326
9317,869
9318,313
9319,1667
9320,982
9321,978
9323,227
9324,521
9325,799
9326,456
9327,389
9328,703
9329,2
9330,363
9331,1118
9341,16
9342,383
9343,240
9348,405
9349,44
9351,6426
9355,203
9356,192
9357,503
9358,152
9359,319
936,360
9360,114
9361,3181
9363,3
9368,23
937,72
9370571,489
9372783,127
9372784,5
9372787,223
9372794,3
9372795,3
9372796,631
9372797,81
9372798,112
9372799,15625
9372805,1049
9372806,4051
938,261
9385,200
9386,2
939,334
94,593
940,145
9402,59
9403,67
9404,37192
941,2536
942,4658
9425,302
9426,44
9428,652
9429,406
943,5608
9432,1672
9433,4
9437,212
944,2752
945,5001
946,3351
9466,6514
9467,734
9469,1257
947,86
948,350
9484,64
9485,60
9487,8
949,209
95,5
950,143
9501,585
9502,1098
9503,408
9504,826
9505,502
9506,443
9508,71
9509,594
951,140
952,48
9521592,11050
9523,1951
9536,5577
955,6
956,12
9583,461
959,30
96,854
961,1
962,19
9623,46
9626,117
963,2
9633,27
964,42
9641,16
9645,1990
9659,23068
966,24
9660,196
9671,11429
9672,1280
968,15
9682,1110
9683,641
9684,1089
9685,1248
9686,774
9687,58
9688,18
9689,20
9692,15
9695,1994
97,15
970,8
9701,1643
9703,351
9704,52
9719,2
972,311
9720,12
9721,6340
9722,1
9723,13
9724,2
9725,7
9726,10
9727,17
9729,8
973,40
9730,24
974,332
9745,158
9746,119
9747,2
9748,951
975,112
9753,38
9754,136
9755,234
976,212
9761,220
9764,259
9766,59
977,17
9770,58
9771,12
9772,32
9773,30
978,270
98,9
983,5684
984,565
985,5762
9850530,356
986,6748
987,287
988,1317
989,7595
99,11
990,8748
991,16
993,72
995,34
996,1163
9X15,295
A325,200
AB2,80
AD10,20
AFDHND,7
AGR12,126
AGR14,76
AGR16,214
AGR18,126
AGR20,422
AGR24,118
AGR26,26
AGR28,96
AGR30,64
AL1S,58
ALJ12,1
ALJ32,5
ALJN10,1728
ALJN105,257
ALJN11,1044
ALJN12,3108
ALJN13,22
ALJN14,1471
ALJN15,72
ALJN16,230
ALJN17,34
ALJN18,813
ALJN19,381
ALJN20,800
ALJN21,394
ALJN22,85
ALJN226,20
ALJN23,2
ALJN24,3216
ALJN25,40
ALJN26,1076
ALJN28,35
ALJN30,32
ALJN32,60
ALJN33,5
ALJN34,27
ALJN36,56
ALJN4,2
ALJN5,832
ALJN6,76
ALJN7,139
ALJN8,490
ALJN9,252
ALP10,56
ALP310,265
ALP52,244
ALP7,256
ALT02,204
ALT04,210
ALT05,2
ALT06,155
ALT07,108
ALT08,292
ALT09,10
ALT1,54
ALT10,1956
ALT11,24
ALT12,1986
ALT13,136
ALT14,1584
ALT15,11
ALT16,2274
ALT17,1
ALT18,416
ALT19,2
ALT2,754
ALT20,1558
ALT21,14
ALT24,91
ALT3,104
ALT4,2224
ALT5,1570
ALT6,1811
ALT7,533
ALT8,2671
ALT9,179
APT1418,2
APT1424,2
APT2432,2
APT2812,4
APT2816,12
APT2818,4
APT2820,10
APT2822,2
APT2824,6
APT2828,6
ARPE523X1,8
ARPEX13,6
ARPEX1400,2
ARPEX152,3
ARPEX24540,91
ARPEX247,3
ARPEX29,4
ARPEX301,1
ARPEX302,11
ARPEX312,1
ARPEX467,8
ARPEX468,7
ARPEX483,9
ARPEX514A,200
ARPEX514B,200
ARPEX517,1
ARPEX520,4
ARPEX569,1
ARPEX593,18
ARPEX638,11
ARPEX8,3
ARPEX807,4
ARPEX895,3
AX127,1332
AX13589,4
AX139,1736
AX13987,25
AX13989,37
AX140X260,12
AX140XA,108
AX140XB,19
AX140XC,355
AX140XD,386
AX140XE,255
AX140XF,81
AX140XG,226
AX140XH,136
AX140XI,219
AX140XJ,56
AX140XJK,6
AX140XK2,16
AX140XL,5
AX140XM,240
AX140XO,93
AX141XH,438
AX144XB,432
AX144XC,1720
AX144XD,1111
AX144XE,302
AX183,255
AX189,1782
AX192,904
AX26,119
AX28,2932
AX33,2516
AX36,32
AX36X2,2152
AX49,1547
AX521,2048
AX525,1838
AX53,194
AX54,826
AX98,966
B102,4369
B103,43
B1034,610
B104,16632
B42,5055
B44,16634
B52,5938
B53,30
B54,15202
B55,320
B63,9
B64,896
B65,2
B72,10488
B73,953
B734,46
B74,37060
B7468,248
B75,56
B82,359
B84,969
BB44,22
BB48,86
BC006,3687
BC006A,92
BC23,90
BCSS,268
BCSSV,1733
BETAMAX10X302,86
BM020,1083
BOBXADJ,438
BOBXWPA,144
BP1,137
BP1SG,1208
BPISG,4
BR20L,104
BRPEX1076,10
BRPEX1299,2
BRPEX1314,1
BRPEX3,2
BRPEX311,7
BRPEX525,14
BRPEX540,9
BRPEX618,40
BRPEX798,9
BRPEX837,2
BTE06,400
BTE12,1000
BTE14,100
BTE18,217
BW4,1645
BW5,919
BW6,1646
BX12895,1
BX80X12,196
C12R,39
C6R,59
C8R,20
CA002,6469
CA004,1883
CA005,277
CA006,13135
CA008,8908
CA009,4808
CA010,409
CA010M,1190
CB11,1994
CB242610N,43
CB242612N,33
CB242614N,92
CB242618N,26
CB242622N,54
CB3044X05,16
CB3044X10,214
CB3044X20,352
CB3044X30,287
CBB27,43
CCB80,13
CEA17,57
CFB80,77
CGGRP,16
CGGRP68,34
CGRGTE,12
CH100,42
CH27,79
CH36,12
CH40,189
CH70,43
CH80,146
CLBW,100
CP01,36
CRA19,3413
CRCWSJ,12
CRPEX1112,2
CRPEX1315,10
CRPEX1427,5
CRPEX1605,3
CRPEX2000,9
CRPEX2001,7
CRPEX2013,12
CRPEX337,2
CRPEX527,19
CRPEX896,2
CS002,3520
CS004,7260
CS005,16
CS006,17840
CS008,24411
CS009,5048
CS010,501
CS010M,601
CS012,2594
CSA19,1965
CSLW10,50
CSLW3,10
CSLW5,20
CSPGT,24
CSSJ20NB,4
CSSL80,21
CSSR80,21
CST36,342
CST40,237
CTB180,5
CTB70,6
CV33,44
CV411,29
CV66,13
CV910,115
CWR009,729
CWS006,34
CWS009,937
CX13591,7
CX14025,73
CXCLAMPS,321
DHSHIM,6000
DRPEX2072,11
DRPEX310,3
DRPEX329,1
DRPEX330,16
DRPEX365,1
DRPEX808,2
DWB,1719
DX13671,10
ET204,2691
ET206,7501
ET207,21
ET208,8120
ET210,7766
ET213,5614
ET216,1321
ET220,42
EYEX12,167
EZBU75,2
EZD302,13
EZF2011,37
EZF2075,1044
EZF6611,192
EZF6675,4
EZGE75,7
EZGP20,32
EZGP30,6213
EZLP30A,19
EZPL11,73
EZPL75,56
EZSP15,964
EZSP20,1
EZSP30,13845
EZTB15,300
EZTB15S,12
EZTB20S,28
EZTB25,36
EZTB30,376
EZTB30S,32
EZTBE75,53
EZTBE75S,34
FCMXCUPBRUSH,33
FCMXDISCBRUSH,10
FCMXGEARMOTOR,1
FCMXHLBRUSH,40
FCMXMOTORXM112M,2
FCMXTBELTX1500,8
FCMXTBELTX1900,32
FL006A,2685
FL006S,8562
FM3,20
FM5,32
FO6L,96
FO7SP,49
FR480002,70
FR480003,20
FR480004,50
FR480006,30
FR480011,20
FR480013,14
FR480014,8
FR480015,14
FR480022,231
FR482090,40
FR482120,100
FR482160,100
FR482180,150
FR483090,8
FR483120,14
FR483160,14
FR483180,20
FR484010,4
FR484020,30
FRA19,88
FSH610,112
GEMINI,26
GLP08,296
GLP11,84
GLP14,387
GLP15,545
GLP18,350
GLP19,100
GLP20,650
GLP24,700
GLP28,100
GR10,70
GR5,848
GR568,4
GR7,265
GR768,62
H00175,14
H00523,9
H00572,10
H00578,3418
H00578XC,163
H00579,10
H00580,7691
H00581,46
H00582,5428
H00584,3035
H00586,1307
H00590,1
H00593,698
H00594,48251
H00596,30983
H00598,45611
H00600,681
H00601,190
H00605,998
H00610,116
H00612,628
H00617,846
H00618,1351
H00619,406
H00620,984
H00621,58
H00623,65
H00630,69
H00631,1154
H00700,220
H00704,309
H00706,92
H00708,258
H00710,236
H00712,250
H00714,953
H00734,8
H00736,171
H00738,16
H00740,96
H00750,40
H00752,12
H00800,2600
H00801,12
H00900,157
H00908,120
H00930,2
H00936,258
H00940,5524
H00942,2621
H00952,1100
H02095,60
H03095,20
H04095,331
H05095,42
H06095,239
H07095,4
H08095,106
H09095,4
H10095,16
H12095,51
H14095,14
H49,69
HC3015F,143
HC301F,196
HC302F,377
HC306F,326
HC306FXAF,39
HC312F,534
HC312FXAF,8
HC318F,586
HC318FXAF,128
HC324F,1089
HC324FXAF,79
HC330F,484
HC330FXAF,40
HC336P,5262
HC336PXAF,159
HC336UP,433
HC336UPXAF,66
HC3FS,801
HC3HP,191
HC3HPXAF,27
HC3IC,348
HC3ICH,194
HC3OC,1450
HC3OCH,185
HC4015F,139
HC401F,169
HC402F,573
HC406F,403
HC406FXAF,35
HC412F,719
HC412FXAF,19
HC418F,650
HC418FXAF,70
HC424F,2601
HC424FXAF,493
HC430F,1048
HC430FXAF,60
HC436P,6967
HC436PXAF,713
HC436UP,657
HC436UPXAF,67
HC4FS,396
HC4HP,156
HC4HPXAF,24
HC4IC,392
HC4ICH,164
HC4ICS,183
HC4OC,2965
HC4OCH,230
HC6015F,179
HC601F,207
HC602F,796
HC606F,715
HC606FXAF,29
HC612F,852
HC612FXAF,120
HC618F,784
HC618FXAF,101
HC624F,3294
HC624FXAF,855
HC630F,1041
HC630FXAF,68
HC636P,10152
HC636PXAF,1053
HC636UP,854
HC636UPXAF,106
HC6FS,580
HC6HP,187
HC6HPXAF,18
HC6IC,656
HC6ICH,165
HC6ICS,229
HC6OC,3321
HC6OCH,239
HC9015F,220
HC901F,417
HC902F,475
HC906F,583
HC906FXAF,41
HC912F,1070
HC912FXAF,112
HC918F,1100
HC918FXAF,77
HC924F,2705
HC924FXAF,172
HC930F,641
HC930FXAF,118
HC936P,7504
HC936PXAF,844
HC936UP,562
HC936UPXAF,154
HC9FS,523
HC9FSSX01,8
HC9HP,253
HC9HPXAF,16
HC9IC,636
HC9ICH,172
HC9ICS,366
HC9ICSX1,96
HC9ICSX2,150
HC9ICSX3,96
HC9OC,1638
HC9OCH,315
HCBT24,550
HCBT36,280
HCBTR,4514
HCCAJ,18284
HCCAL,8295
HCCBT,6239
HCCLB,728
HCCLM,10712
HCCM,136307
HCCW,6947
HCHDB,18395
HCNAF,75102
HCNS,3984
HCPSA0305B1,216
HCPSA0305B2,11725
HCPSA0305S,18632
HCPSA0508,6821
HCPSA1018,2753
HCPSH,17975
HCPSS,10550
HCRD60,4000
HCSBGP,3039
HCTB,17142
HCTSB18,9340
HCTSB24,3911
HCTT32,7747
HCTT38,16420
HCTT44,4685
HCTT50,3835
HCTY3,1092
HCTY6,663
HCTYB,2287
HCW30,4286
HCW48,4341
HCXPND19100,200
HCXPXDR,41000
HCXPXTS15,600
HCXPXTS15L,18824
HCXPXTSP15,4100
HCXPXTSP15L,80500
HDRA25,2561
HDRA3,8
HDSA25,143
HDT02000,1120
HDT063,417
HDT081,760
HDT100,438
HDT10137,11378
HDT10145,9291
HDT10153,4486
HDT10161,2460
HDT102,1058
HDT10215,4480
HDT10219,13519
HDT10232,398
HDT105,44
HDT106,26
HDT110,828
HDT115,1278
HDT12,4247
HDT120,3212
HDT120X20,196
HDT121,179
HDT123,615
HDT125,88
HDT130,292
HDT135,2
HDT140,6403
HDT145,75
HDT146,1760
HDT147,2892
HDT148,293
HDT150,4688
HDT155,16906
HDT160,44659
HDT165,39610
HDT171,38
HDT175,3553
HDT180,4509
HDT185,4202
HDT190,5060
HDT193,130
HDT20,900
HDT24,559
HDT563,287
HDTM015,22847
HDTM020,78168
HDTM0220,12782
HDTM0315,2557
HDTM0320,417
HDTM1115,284
HDTM1120,24
HDTM120,13014
HDTM2020,158
HDTM3015,70
HDTM3020,1972
HDWRA238,403
HDWRA625,32
HDWSA25,1
HDWSA625,946
HLP06,628
HLP07,539
HLP08,290
HLP08C2NW,484
HLP09,388
HLP09NW,24
HLP10,2196
HLP10C2,80
HLP10C2NW,993
HLP10NW,370
HLP12C2,672
HLP12NW,120
HLP13,705
HLP14,195
HLP14NW,200
HLP15,400
HLP15C2NW,1200
HLP15NW,697
HLP16,594
HLP16NW,92
HLP17,162
HLP18,22
HLP18NW,54
HLP19C2NW,50
HLP20,1125
HLP21,238
HLP22,970
HLP22C2NW,1425
HLP22NW,505
HLP23,2500
HLP24,309
HLP24C2,1450
HLP24C2NW,786
HLP24NW,366
HLP25,1284
HLP26,1460
HLP28,1183
HLP30,1870
HLP31,950
HLP32,1322
HLP33,179
HLP33C2NW,102
HLP34,620
HLP35,300
HLP36,1525
HLP37,233
HLP38,1408
HLP39,400
HLP40,500
HLP41,273
HLP42,400
HLP43,993
HLP44,80
HLP45,433
HLP46,629
HLP46NW,84
HLP47,508
HLP48,648
HLP50,200
HLP51,1200
HLP53,200
I580531,190
I590008,2
I590051,788
I590060,192
I590069,10
I605000,32
I646000,64
I646010,72
I646015,8
I646053,16
I646056,16
I646061,80
I646065,16
I646071,8
I646073,8
I646077,16
I646110,16
I646115,16
I649035,8
I649037,8
I650010,24
I650035,46
I650072,12
I721450,2
I721455,6
I721461,2
I721470,2
I721472,2
I800318,192
I800670,86
I800705,316
I800725,168
I800730,90
I872564,20
I872662,16
I874806,12
I876148,48
I877543,8
I877545,274
I878093,4
I880334,320
I881083,8
I881089,8
I881094,8
I881110,10
I881895,16
I882063,8
I882065,96
I882094,8
I882096,8
I882101,16
I882102,8
I882103,8
I882110,8
I882112,8
I882115,8
I882116,8
I882151,8
I882152,8
I882153,8
I882154,32
I882155,16
I882287,16
I882288,32
I882838,158
I882839,640
I882840,80
I882841,8
I882843,8
I882845,48
I882846,8
I882865,4
I882868,32
I882870,32
I882871,140
I882874,16
I882875,8
I882876,16
I882879,64
I882887,16
I882898,8
I882899,8
I882900,16
I882901,8
I882904,240
I882906,16
I882936,16
I882939,8
I882940,8
I882941,16
I882947,16
I882948,8
I883191,56
I883209,12
I883211,24
I883212,24
I883215,32
I883247,16
I883248,16
I883249,32
I883251,16
I883252,16
I883282,32
I883714,24
I883762,64
I883900,32
I883901,48
I883903,16
I883904,304
I883905,16
I883906,64
I883907,64
I883908,64
I883909,64
I883910,32
I884069,8
I884071,8
I884072,8
I884073,16
I884074,16
I884075,8
I884076,8
I884077,2
I884078,2
I884079,2
I884153,24
I884154,48
I884156,28
I884170,106
IBTC,207
JBC,6403
JS10250TN,1
JS21800VM,1
JS54LAS1,1
JTP,1514
K023001,199
K052001,523
K094120,4
K180001,490
K190001,32
K190005,221
K199001,759
K199002,390
K199003,68
K199004,36
K199005,346
K199006,174
K199007,302
K199009,88
K199010,39
K199012,176
K199013,19
K199015,26
K199018,60
K199019,149
K199020,33
K199021,87
K199023,159
K199024,73
K199025,120
K199026,168
K199027,62
K199029,32
K199030,106
K199031,16
K211100,4
K222001,180
K222002,3762
K222006,786
K222010,6077
K222011,5921
K222014,101
K222030,95
K222034,60
K241201,55052
K241202,10523
K241210,37522
K331001,83
K590060,12
K723002,1510
K723003,1255
K723006,430
K723008,110
K723013,672
K723014,101800
K723015,58000
K723017,5821
K723018,7000
K723040,12000
K723060,5499
K723600,189
K725112,210
K725113,378
K725538,128
K725880,4
K855002,4
K870001,1819
K870002,817
K870003,889
K870010,1994
K870144,34
K900000,2970
K901801,30
K908730,10
K910000,24
K910001,12
K910002,16
K910003,4
K910004,40
K910007,4
K910009,8
K960370,66
K980006,8
K980032,16
K980033,16
K980034,32
K980035,32
K980036,58
K980037,8
K980088,114
K980100,732
K980102,46
K980111,20
K980117,24
K980146,20
K980149,12
K980536,469
K980617,24
K980902,8
K980904,8
K980911,16
K990001,18
K990007,6
K990010,4
K990011,16
K990012,4
K990015,14
K990016,32
K990017,1759
L11,754
L8,765
LB10905,24
LB10906,3
LB10908,148
LB10909,216
LB10910,32
LB10912,51
LDWA625,110
LFB52,8
LFB70,10
LK000010,4015
LK000020,4900
LK000025,13000
LK000030,11350
LK000055,576
LK000100,86
LK000110,100
LK000124,606
LK000133,94
LK000150,26
LK000350,235
LK000400,49
LK000500,40
LK000510,10
LK000700,978
LK001000,2466
LK001048,4067
LK001050,6127
LK001064,751
LK001073,7521
LK001074,10479
LK001076,8598
LK001086,1499
LK001088,35520
LK001088S,3151
LK001090,183019
LK001090S,3288
LK001092,7420
LK001094,11873
LK001095,2981
LK001096,1270
LK001097,780
LK001098,9053
LK001099,3913
LK001100,1014
LK001101,5976
LK001102,4860
LK001104,2970
LK001106,698
LK001120,1096
LK001124,3137
LK001142,2670
LK001200,205
LK00360W,52
LK008100,186
LK02360N,34
LK02390X,23
LK02450N,128
LK02490X,77
LK030062,90
LK030064,68
LK030076,330
LK030076E,524
LK030078,857
LK030080,571
LK030080F,55
LK031200,800
LK031800,821
LK032400,1408
LK033600,1214
LK034800,3477
LK040020,390
LK040050,40
LK040050A,28
LK040062,183
LK040064,113
LK040076,695
LK040076E,836
LK040078,1508
LK040080,820
LK040080F,86
LK041200,1500
LK041800,1407
LK042400,1625
LK043600,1694
LK04360N,92
LK04390X,58
LK04450N,246
LK044800,4487
LK04490X,216
LK050020,646
LK050030,99
LK050050,7
LK050050A,4
LK050062,150
LK050064,108
LK050076,854
LK050076E,504
LK050078,1260
LK050080,816
LK050080F,134
LK051200,1381
LK051800,1426
LK052400,1689
LK053600,1633
LK054800,6624
LK06360N,96
LK06390X,48
LK06450N,777
LK06490X,556
LK08360N,105
LK08390X,89
LK08450N,585
LK08490X,466
LK090050A,55
LK090062,210
LK090064,294
LK090076,663
LK090076E,624
LK090078,2103
LK090080,1336
LK090080F,482
LK091200,1711
LK091800,2282
LK092400,3181
LK093600,3466
LK094800,10584
LK099600,3528
LK100062,26
LK100064,71
LK100076E,744
LK100078,441
LK100080,149
LK100080F,4
LK101200,186
LK101800,246
LK102400,266
LK103600,331
LK10360N,108
LK10390X,86
LK10450N,915
LK10450N2,4
LK104800,804
LK10490X,639
LK36010X36FP,9
LK36010X39FP,16
LK36010X49FP2H,35
LK3602X36FP,7
LK3602X39FP,10
LK3602X49FP,75
LK3604X36FP,8
LK3604X39FP,4
LK3604X49FP,16
LK3608X39FP,6
LK3608X45FP,24
LK3608X49FP,20
LK360DRIVRIV,20000
LK360LGADJNUT,186
LK360PLTBOLT,528
LK360PLTBOLTNUT,140
LK360RETAINPIN,463
LK360TIEHOLE,185
LK45826,226
LK4582610,400
LKP00403,5700
LKP00603,19000
LKP03120,39
LKP03180,65
LKP03240,36
LKP03360,39
LKP03480,254
LKP04120,35
LKP04180,81
LKP04240,70
LKP04360,50
LKP04480,167
LKP04960,110
LKP05120,41
LKP05180,92
LKP05240,75
LKP05360,126
LKP05480,296
LKP09120,55
LKP09180,35
LKP09240,205
LKP09360,132
LKP09480,997
LKP09960,7
LKP10360,30
LKP10480,110
LKR300158,227
LKR300160,77
LKR300187,60
LKR300194,56
LKR300197,40
LP,6865
LPT06,470
LPT07,280
LPT08,180
LPT09,290
LPT10,1250
LPT13,850
LPT14,720
LPT14C2,304
LPT16,1485
LPT17,104
LPT18,558
LPT20,3400
LPT22,189
LPT23,1000
LPT25,200
LPT28,28
LPT30,383
LPT32,37
LPT41,251
LV66,260
LVAC,116
LVAC-S,462
M01018,847
M01020,200
M01022,3000
M01024,1477
M01026,2643
M01028,5554
M01030,5653
M01042,7626
M01044,8212
M01048,945
M01050,609
M01052,164
M01056,5587
M01058,60
M01066,6746
M01067,1068
M01068,241
M01069,69
M01070,1395
M010704,72
M01071,573
M01072,1806
M01074,1860
M01076,3250
M01080,257
M01082,21756
M01085,8895
M01086,259
M01088,12228
M01090,116397
M30054,8
M30062,308
M30064,135
M30076,1189
M30078,1604
M30080,271
M30100,608
M30150,471
M30200,375
M30400,303
M30600,357
M30800,301
M31000,378
M31200,1076
M31400,445
M31600,685
M31800,834
M32000,385
M32200,356
M32400,4721
M40052,11
M40054,74
M40062,409
M40064,106
M40076,847
M40078,1669
M40080,499
M40100,377
M40150,430
M40200,332
M40400,311
M40600,193
M40800,250
M41000,186
M41200,319
M41400,359
M41600,364
M41800,683
M42000,220
M42200,273
M42400,3340
M50054,26
M50062,116
M50064,68
M50076,424
M50078,1067
M50080,341
M50100,260
M50150,200
M50200,157
M50400,170
M50600,223
M50800,225
M51000,231
M51200,626
M51400,242
M51600,404
M51800,545
M52000,260
M52200,311
M52400,2411
M60054,54
M60062,115
M60064,28
M60076,721
M60078,1322
M60080,295
M60100,354
M60150,267
M60200,344
M60400,147
M60600,232
M60800,210
M61000,197
M61200,960
M61400,485
M61600,495
M61800,714
M62000,277
M62200,193
M62400,5166
M80054,80
M80062,81
M80064,28
M80076,642
M80078,1037
M80080,580
M80100,245
M80150,334
M80200,199
M80400,104
M80600,197
M80800,271
M81000,107
M81200,490
M81400,343
M81600,357
M81800,709
M82000,257
M82200,260
M82400,4394
MESH2X4,8
MU192,1667
MU193,836
MU202,31380
MU204,17000
MU229,360
MUDSIL,180
MUDSILL01,72
NA001,7363
NA002,4958
NA003,7987
NA003X,72
NA004,1436
NA005,1947
NA006,138
NA007,3327
NA008,2652
NA009,270
NA010,192
NA011,2998
NA012,131
NA013,97
NA014,220
NA015,103
NA016,7
NA020,208
NA021,392
NA032,22
NA033,3
NA034,100
NA035,57
NA039,84
NA040,89
NSA194,410
OBX5C,434
OX509,881
OXEX5,956
P10,82
P6,382
P8,771
P9,1257
PLYWOOD,685
PRHN,9679
PSCOLLAR,200
PSH0124,11555
PSH0125,21294
PSH0126,3860
PSH0127,4296
PSH0130,2622
PSH1104,33201
PSH1105,34489
PSH1106,138664
PSH1107,2082
PSH1116,9
PSH1116D,20236
PSH1118,30126
PSH1137,45
PSH1137D,6016
PSH11XXEC,1056
PSH1311,797
PSH3111,17071
PSH3112,26195
PSH3113,4309
PSH3114,8189
PSH3115,61505
PSH4000,19984
PSH4200,38444
PSH4300,576
PSH4500,41123
PSH4500A,10088
PSH4520,11997
PSH4600,3379
PSH8121,4361
PSH8126,217987
PSH8129,200
PSH8131,8114
PSH8134,9802
PSH8136,3162
PSH8140,9931
PSH8141,15034
PSH8142,10171
PSH8145,4231
PSH9126,8428
PSH9127,10342
PSH9134,7140
PSH9135,997
PSH9136,2142
PSH9138,18705
PSH9139,590
PSH9140,328
PSH9141,2923
PSH9142M,12361
PSH9154,22
PSH9157,235
PSH9159,279
PSHADTPLT,14634
PSHD2RX6,9305
PSHD2RX6RPA,629
PSHD3RX6,21939
PSHD3RX6RP,935
PSHNDL,2100
PT200,50
PT202,251
PT203,183
PT204,1097
PT205,511
PT206,159
PT207,1
PT208,220
PT210,3
PW01,9465
PWXSX01,208
Q19CX3,68
Q19CX4,44
Q19X10,129
Q19X3,480
Q19X4,578
Q19X5,304
Q19X6,148
Q19X7,277
Q19X8,805
Q2BS,82
Q2HDX4,30
Q2HDX5,48
Q2HHX8,86
Q2SP,216
Q2STA,29
Q2STAX1L,34
Q2STAX1R,34
Q2STAX2,29
Q2STAX3,695
Q2STAX4,36
Q2STS,5
Q2STSX1L,76
Q2STSX1R,64
Q2STSX2TB,111
Q2STSX2TBX48,100
Q2STSX3,849
Q2STSX3X48,12
Q2SX10,10
Q2SX12,4
Q2TS,9
QB1,35
QB2,269
QB3,12
QD10,9
QD3,26
QD5,241
QD6,32
QD7,224
QD8,592
QDW,225
QESGXG,6
QGS,28
QGSA,25
QH10,471
QH2,331
QH3,2113
QH4,1861
QH5,956
QH6,84
QH7,778
QH8,1554
QH9,16
QHP,51862
QL10,177
QL20,1830
QL21,140
QLC,864
QP1,391
QP3,363
QP5,4
QP6,655
QP9,1251
QSI22,108
QSI22B,46
QSO22,203
QSO22B,54
QST22,113
QST22B,46
QSTA,4
QSTP,51
QT10,9
QT16,35
QT20,70
QT5R,91
QT6R,29
QT7R,13
QT8P,1
QTC,74
QY412FB,3
RACW,15828
RISW,354
ROSW,240
RP6000,1
RPAX001,1
RPAX001W,16
RX10X111,20
RX10X118,1
RX10X130,1
RX10X132,8
RX10X136,8
RX10X137,4
RX10X32,2
RX13X481,11
RX13X634,453
RX13X638,20
RX13X684,10
RX13X705,12
RX14X12,1
RX15X149,3
RX15X150,9
RX15X151,2
RX15X167,45
RX17X106,5
RX17X61,4
RX3X57,10
RX3X57A,20
RX3X60,21
RX3X63,2
RX3X64,3
RX3X75,12
RX3X76,6
RX5X66A,1
RX6X188,5
RX6X23,3
RX6X27,4
RX6X357,5
RX6X39,4
RX6X395,2
RX6X409A,3
RX6X411,3
RX6X429,2
RX6X524,7
RX6X531,6
RX6X562,8
RX6X571,1
RX6X574,3
RX6X575,1
RX6X80,8
RX7X131,3
RX7X14,1
RX7X222,12
RX7X253A,40
RX7X254A,11
RX7X255,9
RX7X259,1
RX7X309,1
RX7X310,5
RX7X316,1
RX7X317,1
RX7X6,3
RX8X119,11
RX8X120A,6
RX8X120C,17
RX8X120D,1
RX8X120E,1
S1505,1
S1506,1
SAU3,2
SAU6,13
SAUB,11
SCU12,58
SCW,17537
SDPLK04,124
SDPLK06,745
SDPLK08,2428
SDPLK10,1243
SDPLK12,935
SDPLK16,2532
SFS,13
SGRABPOST,549
SHENDPLTH,1119
SHXCAMCLP,2578
SHXCLIP,834
SHXHD50AN,374
SHXHDJSB,395
SHXHDPIN,730
SHXHDTSBP,440
SHXLFTLUG,216
SHXSHIM4,68
SHXTBEXXA,278
SHXWEBSTIF,35
SJB,1928
SJS,6
SKX7912,10
SL1015,555
SL1116,64
SL47,427
SL610,281
SL814,96
SLAWSW,164
SLB10,136
SLB310,1310
SLB52,256
SLB7,2977
SLBC,1236
SLCH,400
SLDA,3
SLDH10,109
SLDH70,12
SLH10,561
SLH22,577
SLH3,6
SLH30,3
SLH310,3864
SLH36,1386
SLH52,599
SLH54,14
SLH6,24
SLH70,5012
SLH8,218
SLL5,2
SLLBU,6
SLLG14,2
SLLG21,668
SLLG28,127
SLLTM5,12
SLP028F68,10
SLP250P56,1
SLSB1B,2
SLSB2B,89
SLSB3B,58
SLSB4B,6
SLSG1,3
SLSP10,404
SLSP310,146
SLSP52,191
SLSP70,3269
SLSS70,548
SLST,1674
SLTB10,28
SLTB22,30
SLTB310,385
SLTB52,44
SLTB7,400
SLTB70,339
SLVP15,100
SLVP18,249
SLVP33,1144
SLVP411,84
SLVP67,1593
SLVP910,2511
SLZB,900
SPF02,1947
SPS01,138
SPS02,1338
SPS03,568
SPS04,266
SPS1L,156
SPS2U,84
SPS3U,12
SPS4L,14
SPS4U,84
SPW02,14813
SPW03,4899
SPW04,2200
SPW2L,414
SPW2U,70
SPW3U,252
SPW4U,20
SR0200600,1
SR0234100,15
SR0234600,100
SR0240600,18
SR0241000,92
SR0241200,1866
SR0241230,220
SR0241250,5386
SR0241600,5319
SR0241601,278
SR0241608,686
SR0241616,440
SR0241690,4075
SR0241800,20
SR0241812,180
SR0242000,1265
SR0242001,396
SR0242008,34
SR0242010,627
SR0242012,65
SR0242070,66
SR0242400,101
SR0242401,100
SR0242460,100
SR0243000,4
SR0243013,100
SR0250000,3066
SR0252416,96
SR0260001,253
SR0260505,8
SR027289,30
SR027291,94
SR027305,52
SR0333008,15
SR0335260,4
SR06D,300
SR06F,300
SR06H,600
SR100055,2
SR100057,1
SR100170,26
SR100438,1
SR10243,6
SR10405,64
SR1043,332
SR10493,330
SR10689,864
SR10691,16
SR10695,520
SR10708,864
SR10765,22
SR10769,22
SR10770,2
SR10791,2
SR10792,228
SR10799,77
SR10800,228
SR132,386
SR133,195
SR134,195
SR135,390
SR146,2
SR1613,8
SR1850134,288
SR1850156,18
SR1855029,2
SR1855410,28
SR1861033,1
SR1861034,14
SR1861094,195
SR1861122,8
SR1861627,12
SR1870029,4821
SR1870031,1982
SR1870040,930
SR1870045,1010
SR1870050,266
SR1870060,2
SR1870080,458
SR1870085,41
SR1870090,17426
SR1870096,744
SR1870100,730
SR1870105,473
SR1870120,58
SR1870140,118
SR1870144,6
SR1870145,2
SR1870150,207
SR1870155,63
SR1870160,114
SR1870165,649
SR1870200,56
SR1870205,8
SR1870265,100
SR1870400,3279
SR1870405,99
SR1870440,7303
SR1870464,151
SR1870465,50
SR1870500,121
SR1870516,1369
SR1900002,201
SR1900005,114
SR1900008,37
SR1900011,80
SR1900020,75
SR1900029,15
SR1900032,88
SR1900035,79
SR1900038,75
SR1900047,27
SR1900056,87
SR1900089,74
SR1900096,18
SR1900119,359
SR1900123,380
SR1900134,215
SR1900144,323
SR1900147,2
SR1900156,25
SR1900170,5436
SR1900179,58
SR1900193,252
SR1900216,4
SR1900217,106
SR1900227,2
SR1900256,240
SR1900265,4
SR1900347,9
SR1900360,1
SR1900445,50
SR1900448,718
SR1900487,20
SR1900490,44
SR1900509,39
SR1900515,2
SR1900518,3
SR1900538,2
SR1900737,3
SR1900894,738
SR1900932,109
SR1900936,25
SR1900941,16
SR1902210,2
SR1904300,57
SR1904311,54
SR1904626,2
SR1905648,4
SR1907005,56
SR1907083,60
SR1907136,16
SR1908168,30
SR1908247,94
SR1908250,125
SR1908253,140
SR1908256,69
SR1908259,81
SR1908262,47
SR1908265,53
SR1908271,44
SR1908273,65
SR1908381,2
SR1908460,116
SR1908610,4
SR1908680,58
SR1908695,50
SR1908700,25
SR1908730,10
SR1908770,136
SR1908771,71
SR1908772,117
SR193,120
SR1960025,4
SR1960275,167
SR1990217,6
SR201A,1800
SR201JX68,1800
SR202,7
SR202EE,3973
SR2125147,11
SR2125148,24
SR2125249,4
SR2125251,53
SR2125288,84
SR2125289,30
SR2125291,8
SR2190001,1
SR219002,1
SR2190106,3
SR2190107,2
SR2190110,6
SR2211003,260
SR2211095,13
SR2211156,30
SR2216,176
SR2220010,6386
SR2220020,11834
SR2220030,16702
SR2220040,6092
SR2220060,840
SR2220090,52
SR2220100,39
SR2220114,16
SR2220120,1217
SR2220125,1284
SR2220130,518
SR2220140,209
SR2220170,1
SR225003,6
SR225007,1
SR225008,1
SR225010,2
SR225011,4
SR2250113,4
SR225012,2
SR225013,2
SR2250131,5
SR2250137,1
SR2250138,1
SR225031,12
SR225042,1
SR225043,2
SR225044,1
SR2403C,300
SR2403D,300
SR2403E,600
SR280,70
SR340,36
SR3557,850
SR376,8
SR3994,120
SR3997,251
SR3999,525
SR4004,30668
SR4005,21200
SR45004X12,420
SR45004X14,450
SR45004X16,420
SR45004X18,420
SR45004X21,417
SR5127,4
SR5522,1034
SR621,2
SR622,4
SR623,3
SR624,2
SR6241,18
SR6243,8
SR625,4
SR626,54
SR627,4
SR630,4
SR635,1
SR652,120
SR657,32
SR6601,3
SR6717,3
SR673,85
SR678,11
SR6806,49
SR6807,49
SR688,3
SR693,32
SR700,5
SR701,1
SR706,140
SR7071,408
SR7238000,3341
SR7238001,890
SR7251132,220
SR7562,2
SR7601,60
SR761,2
SR779,3
SR780,4
SR786,4
SR797,8
SR799,4
SR89,1
SR90,1
SR92,1
SR9317,1
SR9348,6
SR9351,200
SR94,19
SR9404,5400
SR9466,3987
SR9467,3967
SR9501,190
SR9502,480
SR9503,50
SR9504,347
SR9505,303
SR9506,700
SR9536,160
SR9659,5013
SR9682,44
SR9685,90
SR9686,117
SR9687,138
SR9703,60
SR9766,46
SRB,8
SRI590069,6
SRK222001,1
SRK222002,2
SRK222006,6
SRK222010,1
SRK222014,1
SRK241201,3692
SRK241202,40
SRK241210,2766
SRK723003,223
SRK723006,72
SRK870001,20
SRK870002,35
SRLVAC-S,362
SRM40600,3
SRPSH0124,60
SRPSH0125,60
SRPSH1106A,1721
SRPSH1118,357
SRPSH3115,378
SRPSH4500,378
SRSSP10,12
SRSSP7,54
SRSSX562,12
SRU043006,23
SS120,2476
SS122,149
SSB,186
SSP10,133
SSP5,48
SSP7,395
SSP8,107
SSRL,261
SSRS,2233
SSX120,1395
ST10,34
ST10SG,3114
ST11,3
ST12,47
ST12SG,4
ST13,37
ST13SG,3444
ST14,4
ST14SG,16
ST15SG,178
ST16,23
ST16SG,764
ST2,162
ST20,1
ST21,14
ST3,360
ST4,44
ST4SG,957
ST5,198
ST5SG,112
ST6,33
ST6SG,6126
ST7,29
ST7SG,31
ST8,55
ST8SG,6334
ST9,5
ST9SG,144
STORBX,806
SU5,22
SU5IR,33
SW2382,78
SX81,8
TB,11
T-BOLT,40
TCH311,20
TU17,2918
TUX100,232
TUX150,2223
TUX200,471
TUX250,454
TUX300,263
TUX400,66
TUX450,76
TUX50,83
TUX500,9
TW025,128
TX13,15869
TX265X225,3700
TX48,354
TX49,203
U000042,16
U043006,437
U190025,52
U190028,88
U190029,488
U190031,184
U190032,32
U190041,262
U190043,602
U190045,30
U190048,28
U190051,552
U190052,1808
U190053,40
ULBSW2,9
W6X12X01,17
W6X12X04,492
W6X12X05,10
W6X12X06,2091
W6X12X08,655
W6X12X09,2
W6X12X10,3641
W6X12X12,1736
W8X20X06,278
W8X20X08,139
W8X20X10,18
W8X20X16,2
W8X21X20,40
WBOX,203
WPL21006,6
WPL21008,590
WPL21010,918
WPL21012,103
WPL21016,50
WPP21006,93
WPP21008,72
WPP21010,582
WPP21012,1140
WS1X2,300
XFT035,2839
XFT04,262
XFT06,2423
XFT07,1022
XFT08,12746
XFT10,6370
XFT11,200
XFT12,961
XFT13,189
XFT14,760
XFT15,2354
XFT16,958
XFT17,100
XFT19,1100
XFT20,2248
XFT21,538
XFT22,7063
XFT23,600
XFT24,4908
XFT25,600
XFT26,1140
XFT28,1310
XFT29,1356
XFT31,1629
XFT32,1110
XFT33,182
XFT34,500
XFT35,900
XFT36,1691
XFT37,900
XFT38,138
XFT39,1300
XFT40,1437
XFT41,1895
XFT42,8
XFT43,500
XFT44,360
XFT45,1520
XFT46,1840
XFT47,2000
Y412,4776
Y412XFB,1418
Y412XI,1627
Y412XWB,1331
Y412XWBI,91